load_clients,2022-05-08 18:54:23
load_clients,2022-05-08 18:55:30
load_clients,2022-05-08 19:00:43
load_clients,2022-05-08 19:04:47
add_client,2022-05-08 19:05:38
load_clients,2022-05-08 19:06:48
load_clients,2022-05-08 19:18:59
load_locations,2022-05-08 20:44:10
load_clients,2022-05-08 20:44:10
add_location,2022-05-08 20:44:43
load_locations,2022-05-08 20:45:18
load_clients,2022-05-08 20:45:18
load_events,2022-05-08 20:52:05
load_locations,2022-05-08 20:52:05
load_clients,2022-05-08 20:52:05
add_event,2022-05-08 20:52:26
load_events,2022-05-08 20:56:17
load_locations,2022-05-08 20:56:17
load_clients,2022-05-08 20:56:17
load_events,2022-05-08 21:30:57
load_locations,2022-05-08 21:30:57
load_clients,2022-05-08 21:30:57
add_event,2022-05-08 21:32:02
load_events,2022-05-08 21:32:21
load_locations,2022-05-08 21:32:21
load_clients,2022-05-08 21:32:21
load_events,2022-05-08 21:35:29
load_locations,2022-05-08 21:35:29
load_clients,2022-05-08 21:35:29
add_event,2022-05-08 21:35:54
load_events,2022-05-08 21:36:21
load_locations,2022-05-08 21:36:21
load_clients,2022-05-08 21:36:21
load_events,2022-05-08 23:35:16
load_locations,2022-05-08 23:35:16
load_clients,2022-05-08 23:35:16
add_location,2022-05-08 23:36:07
load_events,2022-05-08 23:37:36
load_locations,2022-05-08 23:37:36
load_clients,2022-05-08 23:37:36
add_event,2022-05-08 23:38:33
load_events,2022-05-08 23:38:49
load_locations,2022-05-08 23:38:49
load_clients,2022-05-08 23:38:49
load_events,2022-05-09 01:03:10
load_locations,2022-05-09 01:03:10
load_clients,2022-05-09 01:03:10
load_events,2022-05-09 01:03:39
load_locations,2022-05-09 01:03:39
load_clients,2022-05-09 01:03:39
add_event,2022-05-09 01:03:57
add_event,2022-05-09 01:04:21
load_events,2022-05-09 01:25:38
load_locations,2022-05-09 01:25:38
load_clients,2022-05-09 01:25:38
load_sellers,2022-05-09 01:25:38
add_seller,2022-05-09 01:25:56
load_events,2022-05-09 01:27:16
load_locations,2022-05-09 01:27:16
load_clients,2022-05-09 01:27:16
load_sellers,2022-05-09 01:27:16
add_seller,2022-05-09 01:27:54
load_events,2022-05-09 01:28:08
load_locations,2022-05-09 01:28:08
load_clients,2022-05-09 01:28:08
load_sellers,2022-05-09 01:28:08
load_events,2022-05-09 01:29:42
load_locations,2022-05-09 01:29:42
load_clients,2022-05-09 01:29:42
load_sellers,2022-05-09 01:29:42
load_events,2022-05-09 01:30:18
load_locations,2022-05-09 01:30:18
load_clients,2022-05-09 01:30:18
load_sellers,2022-05-09 01:30:18
load_events,2022-05-23 15:53:40
load_locations,2022-05-23 15:53:40
load_clients,2022-05-23 15:53:40
load_sellers,2022-05-23 15:53:40
add_client,2022-05-23 15:54:40
add_card,2022-05-23 15:54:40
load_events,2022-05-24 13:36:47
load_locations,2022-05-24 13:36:47
load_clients,2022-05-24 13:36:47
load_cards,2022-05-24 13:36:47
load_sellers,2022-05-24 13:36:47
load_events,2022-05-24 13:39:32
load_locations,2022-05-24 13:39:32
load_clients,2022-05-24 13:39:32
load_cards,2022-05-24 13:39:32
load_sellers,2022-05-24 13:39:32
load_events,2022-05-24 13:42:10
load_locations,2022-05-24 13:42:10
load_clients,2022-05-24 13:42:10
load_cards,2022-05-24 13:42:10
load_sellers,2022-05-24 13:42:10
add_client,2022-05-24 13:44:03
add_card,2022-05-24 13:44:03
load_events,2022-05-24 13:44:55
load_locations,2022-05-24 13:44:55
load_clients,2022-05-24 13:44:55
load_cards,2022-05-24 13:44:55
load_sellers,2022-05-24 13:44:55
load_events,2022-05-24 13:47:13
load_locations,2022-05-24 13:47:13
load_clients,2022-05-24 13:47:13
load_cards,2022-05-24 13:47:13
load_sellers,2022-05-24 13:47:13
add_client,2022-05-24 13:48:04
add_card,2022-05-24 13:48:04
add_client,2022-05-24 13:49:25
add_card,2022-05-24 13:49:25
load_events,2022-05-24 13:50:02
load_locations,2022-05-24 13:50:02
load_clients,2022-05-24 13:50:02
load_cards,2022-05-24 13:50:02
load_sellers,2022-05-24 13:50:02
load_events,2022-05-24 13:52:38
load_locations,2022-05-24 13:52:38
load_clients,2022-05-24 13:52:38
load_cards,2022-05-24 13:52:38
load_sellers,2022-05-24 13:52:38
load_events,2022-05-24 13:54:40
load_locations,2022-05-24 13:54:40
load_clients,2022-05-24 13:54:40
load_cards,2022-05-24 13:54:40
load_sellers,2022-05-24 13:54:40
load_events,2022-05-24 13:56:16
load_locations,2022-05-24 13:56:16
load_clients,2022-05-24 13:56:16
load_cards,2022-05-24 13:56:16
load_sellers,2022-05-24 13:56:16
load_events,2022-05-24 13:56:32
load_locations,2022-05-24 13:56:32
load_clients,2022-05-24 13:56:32
load_cards,2022-05-24 13:56:32
load_sellers,2022-05-24 13:56:32
load_events,2022-05-24 13:59:25
load_locations,2022-05-24 13:59:25
load_clients,2022-05-24 13:59:25
load_cards,2022-05-24 13:59:25
load_sellers,2022-05-24 13:59:25
